Name,Attendance (%),Study Hours/Week,Previous Score,Extracurricular Activities,Final Score
Jane Smith,68.73,15.44,83.71,Low,65.07
Chris Jones,97.54,13.5,67.65,High,56.83
Emily Williams,86.6,15.46,71.73,Low,61.53
Jane Moore,79.93,5.06,67.09,High,56.21
Jane Taylor,57.8,13.9,50.74,High,37.17
Michael Smith,57.8,16.79,79.73,Moderate,53.97
John Johnson,52.9,22.39,55.44,High,28.56
Emily Jones,93.31,12.41,41.34,Moderate,43.13
David Taylor,80.06,10.96,75.5,Low,56.24
John Moore,85.4,12.49,49.74,High,43.02
Emily Moore,51.03,19.58,91.73,High,66.04
Michael Jones,98.5,16.64,92.47,Moderate,64.38
Sarah Taylor,91.62,12.35,90.32,High,65.12
Chris Smith,60.62,17.57,60.36,Moderate,48.25
Alex Miller,59.09,15.49,40.85,Moderate,45.92
Katie Brown,59.17,19.84,91.06,Moderate,52.95
Alex Jones,65.21,11.49,63.55,Moderate,54.25
Katie Johnson,76.24,13.36,93.17,High,64.2
Jane Miller,71.6,13.04,93.0,Moderate,57.68
Jane Davis,64.56,7.68,86.92,Moderate,58.75
Katie Taylor,80.59,16.48,56.19,High,52.59
Chris Smith,56.97,16.31,61.18,High,43.45
Sarah Moore,64.61,15.03,86.81,Low,58.97
Jane Miller,68.32,13.83,57.43,Low,45.69
Jane Moore,72.8,7.92,49.32,High,44.51
Chris Taylor,89.26,12.9,70.62,Moderate,62.21
Katie Taylor,59.98,13.29,91.49,Low,66.51
Emily Johnson,75.71,10.99,78.28,High,51.13
John Jones,79.62,14.19,71.35,High,67.35
Chris Johnson,52.32,17.02,45.34,Low,29.18
Emily Johnson,80.38,24.43,73.83,Low,60.22
Michael Brown,58.53,15.87,94.45,Moderate,63.04
Sarah Davis,53.25,16.29,47.7,High,41.35
Alex Davis,97.44,14.63,68.51,Low,57.91
Katie Jones,98.28,5.41,88.26,Moderate,65.37
Chris Johnson,90.42,14.87,80.74,Moderate,61.42
Laura Williams,65.23,15.3,78.34,Low,52.55
David Jones,54.88,27.32,78.64,High,60.36
Alex Wilson,84.21,14.04,59.77,High,55.17
Michael Brown,72.01,16.51,56.15,Moderate,45.55
David Jones,56.1,14.83,84.51,Low,59.58
Katie Smith,74.76,9.16,84.56,Moderate,60.54
Emily Smith,51.72,20.71,87.69,Low,60.87
Katie Miller,95.47,18.76,90.23,Low,73.51
Chris Johnson,62.94,18.96,68.12,High,47.67
Emily Taylor,83.13,10.45,67.58,Low,52.31
Katie Jones,65.59,22.01,83.91,High,63.58
Sarah Miller,76.0,7.99,75.75,Moderate,58.55
Sarah Williams,77.34,17.93,78.61,Moderate,59.92
Chris Williams,59.24,25.95,83.77,High,59.65
Emily Moore,98.48,10.05,88.95,High,74.53
David Brown,88.76,12.17,58.59,Moderate,50.76
Laura Miller,96.97,15.5,60.66,Moderate,60.74
Laura Miller,94.74,12.48,45.17,Low,49.22
Katie Jones,79.89,7.25,71.81,Low,53.78
Alex Moore,96.09,15.34,41.98,High,55.71
Sarah Johnson,54.42,9.69,65.61,Low,49.6
John Johnson,59.8,17.37,69.85,Low,55.16
Alex Williams,52.26,10.4,55.76,Moderate,47.63
Michael Taylor,66.27,22.75,72.5,Moderate,55.81
Jane Miller,69.43,11.08,41.68,High,44.23
Michael Taylor,63.57,13.39,42.05,High,38.36
Sarah Moore,91.44,19.07,85.24,Moderate,68.87
Chris Moore,67.84,8.85,59.81,High,46.28
John Johnson,64.05,16.14,46.99,High,43.34
David Brown,77.13,21.54,68.72,Moderate,60.06
Katie Johnson,57.05,6.96,82.35,High,48.05
Chris Miller,90.11,15.92,51.87,Low,63.02
Alex Wilson,53.73,16.3,74.26,High,45.68
John Brown,99.34,18.91,44.69,Moderate,47.28
David Williams,88.61,8.82,42.84,Moderate,52.16
David Johnson,59.94,8.4,69.22,Moderate,52.15
Chris Moore,50.28,17.61,69.73,Low,51.38
Laura Jones,90.77,16.48,75.06,Low,65.34
Alex Davis,85.34,16.25,79.94,Low,62.39
Alex Moore,86.45,16.73,93.67,High,63.94
David Smith,88.56,11.6,68.4,High,57.79
Laura Davis,53.7,16.16,57.76,Moderate,40.68
Sarah Smith,67.92,16.47,83.74,Moderate,63.69
Jane Davis,55.79,11.43,54.9,Low,41.39
Chris Jones,93.16,24.33,64.14,Moderate,56.78
John Jones,81.16,17.37,44.32,Low,45.68
Laura Johnson,66.54,9.04,41.39,High,41.29
Jane Wilson,53.18,18.28,92.95,Moderate,55.8
Jane Moore,65.55,10.13,85.98,High,52.98
Alex Williams,66.26,18.94,78.28,High,58.09
Sarah Moore,86.48,20.79,62.49,Low,58.4
Alex Brown,81.88,10.9,49.53,Low,45.11
David Taylor,94.36,19.82,48.6,Moderate,51.34
Michael Jones,73.61,17.06,53.76,High,49.87
David Jones,55.98,19.11,70.21,Low,43.37
Chris Miller,85.66,24.48,79.3,High,57.72
Katie Wilson,88.04,13.77,76.31,High,57.47
David Wilson,78.06,11.23,55.4,High,47.88
Jane Jones,88.55,10.55,92.52,Moderate,68.29
Emily Johnson,74.69,10.92,80.58,Moderate,65.29
Katie Smith,76.14,14.61,70.49,High,59.71
Laura Moore,71.38,16.71,73.64,Moderate,55.08
Emily Taylor,51.27,16.38,63.08,High,45.43
Emily Smith,55.39,19.14,53.63,High,38.8
Michael Anderson,65.23,14.85,78.91,High,56.32
Sarah Clark,82.17,12.74,67.25,High,60.11
David Lee,77.36,16.21,81.67,High,63.22
Emily Harris,59.47,19.09,88.13,Low,55.09
Chris Martin,91.68,13.42,73.59,High,67.44
Laura Thompson,68.14,15.76,62.37,Moderate,54.88
Alex White,74.29,11.83,70.45,High,58.21
Katie Walker,60.51,17.92,85.79,High,52.68
Jane Hall,87.95,13.09,90.47,Low,66.17
John Allen,56.39,18.33,61.32,Low,40.29
Sarah Young,92.08,16.44,77.11,Low,69.83
Michael King,63.58,14.51,58.98,Low,48.72
David Wright,79.21,15.16,74.26,Moderate,59.09
Emily Scott,54.72,20.07,86.51,Low,57.16
Chris Green,88.43,13.65,81.23,High,67.02
Laura Baker,66.79,12.38,68.49,Moderate,51.94
Alex Adams,72.14,16.87,76.63,Low,60.81
Katie Nelson,57.22,14.12,84.35,Low,49.76
Jane Carter,90.38,17.56,92.01,Moderate,70.34
John Perez,61.47,15.29,65.84,Low,50.19
Sarah Roberts,84.61,13.77,79.29,Moderate,62.05
Michael Evans,73.12,18.41,89.57,High,65.01
David Turner,69.84,13.24,71.93,Low,54.77
Emily Phillips,62.55,15.99,63.28,High,48.93
Chris Campbell,95.23,14.68,80.12,Low,72.58
Laura Parker,58.74,17.14,69.11,High,46.38
Alex Edwards,80.41,12.67,75.84,Low,60.71
Katie Collins,64.87,16.22,88.39,Low,56.44
Jane Stewart,76.93,13.85,78.22,Moderate,61.17
John Sanchez,53.29,19.03,54.67,Moderate,35.88
Sarah Morris,89.28,15.34,84.76,Low,68.04
Michael Rogers,67.41,13.91,62.54,Low,51.07
David Reed,75.19,17.67,80.19,High,61.83
Emily Cook,60.66,14.25,85.01,High,52.54
Chris Morgan,92.57,18.02,90.25,Moderate,74.13
Laura Bell,69.32,12.77,66.53,Moderate,54.29
Alex Murphy,77.64,16.38,73.41,Moderate,59.56
Katie Bailey,55.91,15.51,81.72,Moderate,49.11
Jane Rivera,83.74,13.26,87.36,High,65.38
John Cooper,62.18,17.85,63.74,High,46.97
Sarah Richardson,94.12,14.13,91.58,Moderate,73.24
Michael Cox,70.54,16.93,77.29,Low,59.88
David Howard,65.77,13.74,68.21,Moderate,52.33
Emily Ward,58.46,19.22,82.49,Moderate,50.17
Chris Torres,86.83,13.54,79.63,High,62.91
Laura Peterson,63.94,15.88,70.08,Moderate,51.62
Alex Gray,71.16,17.12,75.97,Low,57.99
Katie Ramirez,59.82,14.66,83.05,Moderate,51.88
Jane James,88.09,13.47,89.18,Moderate,67.41
John Watson,57.36,18.75,60.24,Low,41.92
Sarah Brooks,90.68,15.22,76.43,Low,69.01
Michael Kelly,65.12,14.89,59.87,Moderate,49.47
David Sanders,78.38,16.05,72.32,Moderate,60.24
Emily Price,53.77,20.54,85.67,Moderate,56.23
Chris Bennett,89.74,13.61,82.14,Low,68.55
Laura Wood,67.29,12.44,67.38,Low,53.12
Alex Barnes,73.55,16.57,74.51,Moderate,58.59
Katie Ross,56.23,15.66,80.82,High,48.76
Jane Henderson,85.61,13.18,86.92,Moderate,64.13
John Coleman,60.87,17.45,62.18,Low,45.22
Sarah Jenkins,93.84,14.26,90.74,Low,72.65
Michael Perry,69.22,16.76,76.37,High,58.77
David Powell,66.47,13.66,69.65,Moderate,53.84
Emily Long,59.13,19.33,83.41,High,51.09
Chris Patterson,87.29,13.36,78.94,High,61.77
Laura Hughes,65.66,15.97,71.18,High,50.92
Alex Flores,70.91,17.23,77.84,Low,56.93
Katie Washington,58.29,14.58,82.13,Moderate,50.57
Jane Butler,86.52,13.32,88.75,Moderate,66.02
John Simmons,56.74,18.62,59.42,High,40.73
Sarah Foster,91.13,15.11,75.89,High,69.24
Michael Gonzales,64.98,14.73,58.65,High,48.13
David Bryant,77.81,16.33,71.41,Low,61.19
Emily Alexander,61.23,20.16,84.27,Moderate,53.44
Chris Russell,90.49,13.53,81.36,Moderate,70.09
Laura Griffin,68.97,12.58,65.89,Moderate,54.13
Alex Diaz,74.82,16.29,73.14,High,59.28
Katie Hayes,55.68,15.41,80.53,Low,48.39
Jane Myers,84.29,13.04,87.91,Moderate,65.59
John Ford,62.41,17.68,61.97,Moderate,46.13
Sarah Hamilton,92.34,14.09,91.12,Low,74.19
Michael Graham,68.13,16.81,75.23,Moderate,59.31
David Sullivan,65.54,13.59,68.92,Low,52.67
Emily Wallace,58.18,19.44,83.06,Moderate,50.01
Chris West,88.17,13.49,79.45,Moderate,63.02
Laura Cole,66.34,15.85,70.41,Moderate,52.14
Alex Jordan,71.59,17.34,76.28,Low,58.21
Katie Reynolds,59.56,14.81,81.39,Low,51.66
Jane Fisher,87.38,13.21,88.54,Moderate,67.09
John Butler,57.13,18.93,60.81,Moderate,42.54
Sarah Simmons,90.91,15.18,75.22,High,68.79
Michael Foster,65.36,14.94,59.28,High,48.88
David Murphy,78.14,16.15,72.85,Moderate,60.51
Emily Bryant,54.91,20.29,85.29,High,56.51
Chris Alexander,89.36,13.57,81.92,Low,68.88
Laura Russell,67.12,12.69,66.04,High,53.84
Alex Griffin,73.38,16.63,74.83,Low,58.83
Katie Diaz,56.01,15.73,80.64,Moderate,48.52
Jane Hayes,85.81,13.11,87.64,Low,64.47
John Washington,60.74,17.52,62.41,Moderate,45.41
Sarah Bryant,93.21,14.21,90.53,Moderate,73.01
Michael Alexander,69.09,16.98,76.92,Moderate,58.91
David Russell,66.62,13.72,69.34,Moderate,54.09
Emily Griffin,59.27,19.18,83.23,Low,51.23
Chris Hayes,87.54,13.41,79.72,Low,62.67
Laura Diaz,65.49,15.91,71.47,High,51.41
Alex Hayes,70.74,17.29,77.68,Moderate,57.91
Katie Griffin,58.16,14.63,82.34,Low,50.39
Jane Diaz,86.29,13.13,88.18,Moderate,66.21
John Griffin,56.48,18.81,59.95,High,41.03
Sarah Diaz,91.46,15.24,76.13,Moderate,69.51
Michael Griffin,64.77,14.82,58.34,Low,47.93
David Griffin,77.59,16.27,71.14,High,61.01
Emily Griffin,61.11,20.12,84.17,High,53.21
Chris Griffin,90.41,13.55,81.24,Moderate,70.01
Laura Griffin,68.89,12.56,65.79,High,54.09
Alex Griffin,74.71,16.27,73.04,Low,59.21
Katie Griffin,55.87,15.39,80.44,Moderate,48.29
Jane Griffin,84.19,13.02,87.54,Moderate,65.39
John Griffin,62.33,17.61,61.87,High,46.09
Sarah Griffin,92.24,14.07,91.02,Low,74.09
Michael Griffin,68.03,16.79,75.13,High,59.21
David Griffin,65.44,13.57,68.82,High,52.49
Emily Griffin,58.08,19.42,82.96,Moderate,49.89
Chris Griffin,88.07,13.47,79.35,Low,62.89
Laura Griffin,66.24,15.83,70.31,Low,52.02
Alex Griffin,71.49,17.32,76.18,Low,58.09
Katie Griffin,59.46,14.79,81.29,Low,51.56
Jane Griffin,87.28,13.19,88.44,High,66.99
John Griffin,57.01,18.91,60.71,Moderate,42.44
Sarah Griffin,90.81,15.16,75.12,High,68.69
Michael Griffin,65.26,14.92,59.18,High,48.78
David Griffin,78.04,16.13,72.75,High,60.41
Emily Griffin,54.81,20.27,85.19,High,56.41
Chris Griffin,89.26,13.55,81.82,Moderate,68.78
Laura Griffin,67.02,12.67,65.94,Moderate,53.74
Alex Griffin,73.28,16.61,74.73,Low,58.73
Katie Griffin,55.91,15.71,80.54,High,48.42
Jane Griffin,85.71,13.09,87.54,High,64.37
John Griffin,60.64,17.5,62.31,Moderate,45.31
Sarah Griffin,93.11,14.19,90.43,High,72.91
Michael Griffin,68.01,16.97,76.82,High,58.81
David Griffin,66.52,13.7,69.24,Moderate,53.99
Emily Griffin,59.17,19.16,83.13,High,51.13
Chris Griffin,87.44,13.39,79.62,High,62.57
Laura Griffin,65.39,15.89,71.37,High,51.31
Alex Griffin,70.64,17.27,77.58,Moderate,57.81
Katie Griffin,58.06,14.61,82.24,High,50.29
Jane Griffin,86.19,13.11,88.08,Moderate,66.11
John Griffin,56.38,18.79,59.85,Low,40.93
Sarah Griffin,91.36,15.22,76.03,Moderate,69.41
Michael Griffin,64.67,14.81,58.24,Moderate,47.83
David Griffin,77.49,16.25,71.04,Low,60.91
Emily Griffin,61.01,20.1,84.07,Low,53.11
Chris Griffin,90.31,13.53,81.14,High,69.91
Laura Griffin,68.79,12.54,65.69,Low,53.99
Alex Griffin,74.61,16.25,72.94,High,59.11
Katie Griffin,55.77,15.37,80.34,Moderate,48.19
Jane Griffin,84.09,13.0,87.44,High,65.29
John Griffin,62.23,17.59,61.77,High,45.99
Sarah Griffin,92.14,14.05,90.92,Moderate,74.09
Michael Griffin,67.93,16.77,75.03,High,59.11
David Griffin,65.34,13.55,68.72,High,52.39
Emily Griffin,57.98,19.4,82.86,High,49.79
Chris Griffin,87.97,13.45,79.25,Low,62.79
Laura Griffin,66.14,15.81,70.21,Low,51.92
Alex Griffin,71.39,17.3,76.08,High,57.99
Katie Griffin,59.36,14.77,81.19,Low,51.46
Jane Griffin,87.18,13.17,88.34,High,66.89
John Griffin,56.91,18.89,60.61,Moderate,42.34
Sarah Griffin,90.71,15.14,75.02,High,68.59
Michael Griffin,65.16,14.9,59.08,Moderate,48.68
David Griffin,77.94,16.11,72.65,Low,60.31
Emily Griffin,54.71,20.25,85.09,Moderate,56.31
Chris Griffin,89.16,13.53,81.72,Low,68.68
Laura Griffin,66.92,12.65,65.84,High,53.64
Alex Griffin,73.18,16.59,74.63,Low,58.63
Katie Griffin,55.81,15.69,80.44,Moderate,48.32
Jane Griffin,85.61,13.07,87.44,High,64.27
John Griffin,60.54,17.48,62.21,Moderate,45.21
Sarah Griffin,93.01,14.17,90.33,Low,72.81
Michael Griffin,68.01,16.95,76.72,Moderate,58.71
David Griffin,66.42,13.68,69.14,Moderate,53.89
Emily Griffin,59.07,19.14,83.03,Low,51.03
Chris Griffin,87.34,13.37,79.52,Moderate,62.47
Laura Griffin,65.29,15.87,71.27,Moderate,51.21
Alex Griffin,70.54,17.25,77.48,Low,57.71
Katie Griffin,58.06,14.59,82.14,High,50.19
Jane Griffin,86.09,13.09,87.98,Moderate,66.01
John Griffin,56.28,18.77,59.75,Low,40.83
Sarah Griffin,91.26,15.2,75.93,Moderate,69.31
Michael Griffin,64.57,14.79,58.14,High,47.73
David Griffin,77.39,16.23,70.94,Moderate,60.81
Emily Griffin,60.91,20.08,83.97,Moderate,53.01
Chris Griffin,90.21,13.51,81.04,High,69.81
Laura Griffin,68.69,12.52,65.59,Low,53.89
Alex Griffin,74.51,16.23,72.84,Moderate,59.01
Katie Griffin,55.67,15.35,80.24,Moderate,48.09
Jane Griffin,83.99,12.98,87.34,High,65.19
John Griffin,62.13,17.57,61.67,Low,45.89
Sarah Griffin,92.04,14.03,90.82,Low,73.99
Michael Griffin,67.83,16.75,74.93,Moderate,59.01
David Griffin,65.24,13.53,68.62,Moderate,52.29
Emily Griffin,57.88,19.38,82.76,Moderate,49.69
Chris Griffin,87.87,13.43,79.15,Moderate,62.69
Laura Griffin,66.04,15.79,70.11,High,51.82
Alex Griffin,71.29,17.28,75.98,High,57.89
Katie Griffin,59.26,14.75,81.09,Low,51.36
Jane Griffin,87.08,13.15,88.24,Moderate,66.79
John Griffin,56.81,18.87,60.51,Low,42.24
Sarah Griffin,90.61,15.12,74.92,Moderate,68.49
Michael Griffin,65.06,14.88,58.98,Moderate,48.58
David Griffin,77.84,16.09,72.55,Low,60.21
Emily Griffin,54.61,20.23,84.99,Low,56.21
Chris Griffin,89.06,13.51,81.62,Low,68.58
Laura Griffin,66.82,12.63,65.74,High,53.54
Alex Griffin,73.08,16.57,74.53,Moderate,58.53
Katie Griffin,55.71,15.67,80.34,Moderate,48.22
Jane Griffin,85.51,13.05,87.34,Low,64.17
John Griffin,60.44,17.46,62.11,High,45.11
Sarah Griffin,92.91,14.15,90.23,Moderate,72.71
Michael Griffin,67.91,16.97,76.92,Moderate,58.91
David Griffin,66.32,13.72,69.34,Low,53.99
Emily Griffin,59.17,19.16,83.13,Moderate,51.13
